ELOC	INTERCONNECTIVITY	INTRACONNECTIVITY	LOC	NUMOFCLASSES
13699	0.11490083813407291	0.162559036094351	24621	128
