ELOC	INTERCONNECTIVITY	INTRACONNECTIVITY	LOC	NUMOFCLASSES
44836	0.04896957389743139	0.19393014803532593	68816	631
