ELOC	INTERCONNECTIVITY	INTRACONNECTIVITY	LOC	NUMOFCLASSES
10336	0.09582413386423502	0.17081921450763599	16329	120
