ELOC	INTERCONNECTIVITY	INTRACONNECTIVITY	LOC	NUMOFCLASSES
11008	0.0852402595463541	0.1183397195706761	17669	132
