ELOC	INTERCONNECTIVITY	INTRACONNECTIVITY	LOC	NUMOFCLASSES
9136	0.09851711841554354	0.19501796978273891	20716	190
