ELOC	INTERCONNECTIVITY	INTRACONNECTIVITY	LOC	NUMOFCLASSES
25451	0.07254116879435736	0.20199640781582645	38801	294
