ELOC	INTERCONNECTIVITY	INTRACONNECTIVITY	LOC	NUMOFCLASSES
47612	0.03428068760480479	0.2544167638327051	85650	1018
