ELOC	INTERCONNECTIVITY	INTRACONNECTIVITY	LOC	NUMOFCLASSES
50325	0.035853972034265436	0.25845603858257943	94248	1128
