ELOC	INTERCONNECTIVITY	INTRACONNECTIVITY	LOC	NUMOFCLASSES
69802	0.054695552295043116	0.20635160368377004	128530	945
