ELOC	INTERCONNECTIVITY	INTRACONNECTIVITY	LOC	NUMOFCLASSES
41057	0.05259276333842531	0.19882367691654107	62371	542
