ELOC	INTERCONNECTIVITY	INTRACONNECTIVITY	LOC	NUMOFCLASSES
206262	0.14196120947828778	0.4434047544093677	345676	1402
