ELOC	INTERCONNECTIVITY	INTRACONNECTIVITY	LOC	NUMOFCLASSES
9933	0.09496467294192447	0.1746910318050289	15435	110
