ELOC	INTERCONNECTIVITY	INTRACONNECTIVITY	LOC	NUMOFCLASSES
47291	0.10809629816897391	0.3791284605158734	80650	388
