ELOC	INTERCONNECTIVITY	INTRACONNECTIVITY	LOC	NUMOFCLASSES
29210	0.040836642781087264	0.16963652613412228	48525	216
