ELOC	INTERCONNECTIVITY	INTRACONNECTIVITY	LOC	NUMOFCLASSES
43501	0.02442061317222285	0.1792551603532956	89588	798
