ELOC	INTERCONNECTIVITY	INTRACONNECTIVITY	LOC	NUMOFCLASSES
29417	0.06925314744211943	0.29162491837287624	52944	398
