ELOC	INTERCONNECTIVITY	INTRACONNECTIVITY	LOC	NUMOFCLASSES
26403	0.07629818766267424	0.31133661125729234	46972	354
