ELOC	INTERCONNECTIVITY	INTRACONNECTIVITY	LOC	NUMOFCLASSES
45393	0.0484312551602205	0.19969082296645538	69571	633
