ELOC	INTERCONNECTIVITY	INTRACONNECTIVITY	LOC	NUMOFCLASSES
24994	0.08623986656832687	0.3298611068637486	44003	308
