ELOC	INTERCONNECTIVITY	INTRACONNECTIVITY	LOC	NUMOFCLASSES
82200	0.08466133327780374	0.22918249627687914	121318	1184
