ELOC	INTERCONNECTIVITY	INTRACONNECTIVITY	LOC	NUMOFCLASSES
47205	0.03572082393635625	0.25935742390615063	88122	1079
