ELOC	INTERCONNECTIVITY	INTRACONNECTIVITY	LOC	NUMOFCLASSES
19131	0.07556712008751491	0.1884494381691541	33316	207
