ELOC	INTERCONNECTIVITY	INTRACONNECTIVITY	LOC	NUMOFCLASSES
9628	0.08430692740994658	0.1725824034337743	14880	106
