ELOC	INTERCONNECTIVITY	INTRACONNECTIVITY	LOC	NUMOFCLASSES
46783	0.04682974327939013	0.15071543612300883	75989	379
