ELOC	INTERCONNECTIVITY	INTRACONNECTIVITY	LOC	NUMOFCLASSES
189491	0.13615384406612566	0.4158464375983044	314990	1285
