ELOC	INTERCONNECTIVITY	INTRACONNECTIVITY	LOC	NUMOFCLASSES
193543	0.13663456419711004	0.4169938557885496	322821	1323
