ELOC	INTERCONNECTIVITY	INTRACONNECTIVITY	LOC	NUMOFCLASSES
266920	0.1429374543815844	0.4045165863968843	465388	1841
