ELOC	INTERCONNECTIVITY	INTRACONNECTIVITY	LOC	NUMOFCLASSES
20569	0.07191527932231435	0.22242257302503612	35879	234
