ELOC	INTERCONNECTIVITY	INTRACONNECTIVITY	LOC	NUMOFCLASSES
40112	0.05819598690249862	0.16241736296590917	66340	332
