ELOC	INTERCONNECTIVITY	INTRACONNECTIVITY	LOC	NUMOFCLASSES
29601	0.0395369179857056	0.16831081549910165	49278	221
