ELOC	INTERCONNECTIVITY	INTRACONNECTIVITY	LOC	NUMOFCLASSES
29420	0.06925314744211943	0.29162491837287624	52954	398
