ELOC	INTERCONNECTIVITY	INTRACONNECTIVITY	LOC	NUMOFCLASSES
255030	0.1401176831753671	0.40827192817305086	437098	1722
