ELOC	INTERCONNECTIVITY	INTRACONNECTIVITY	LOC	NUMOFCLASSES
29596	0.06712585506788217	0.19344052861593228	45621	357
