ELOC	INTERCONNECTIVITY	INTRACONNECTIVITY	LOC	NUMOFCLASSES
264688	0.14017686223229622	0.404669979909539	460765	1823
