ELOC	INTERCONNECTIVITY	INTRACONNECTIVITY	LOC	NUMOFCLASSES
246764	0.13993918947482759	0.4146672554402099	417650	1629
