ELOC	INTERCONNECTIVITY	INTRACONNECTIVITY	LOC	NUMOFCLASSES
11691	0.13309275247253238	0.15942094713198007	21541	107
