ELOC	INTERCONNECTIVITY	INTRACONNECTIVITY	LOC	NUMOFCLASSES
64910	0.07087021912674107	0.24432546913280093	118502	905
