ELOC	INTERCONNECTIVITY	INTRACONNECTIVITY	LOC	NUMOFCLASSES
29829	0.03947985549714273	0.16865484974292802	49495	222
