ELOC	INTERCONNECTIVITY	INTRACONNECTIVITY	LOC	NUMOFCLASSES
75668	0.17192177912969966	0.32153463558930806	97994	491
