ELOC	INTERCONNECTIVITY	INTRACONNECTIVITY	LOC	NUMOFCLASSES
24477	0.07626523961540892	0.29719276651763693	43104	300
