ELOC	INTERCONNECTIVITY	INTRACONNECTIVITY	LOC	NUMOFCLASSES
43502	0.02276176948195939	0.1760443720682736	87782	883
