ELOC	INTERCONNECTIVITY	INTRACONNECTIVITY	LOC	NUMOFCLASSES
11176	0.08537803466374885	0.1183397195706761	17900	135
