ELOC	INTERCONNECTIVITY	INTRACONNECTIVITY	LOC	NUMOFCLASSES
24791	0.07730247351985524	0.30069574591795317	43641	303
