ELOC	INTERCONNECTIVITY	INTRACONNECTIVITY	LOC	NUMOFCLASSES
9125	0.09851711841554354	0.19501796978273891	20698	190
