ELOC	INTERCONNECTIVITY	INTRACONNECTIVITY	LOC	NUMOFCLASSES
220457	0.12973797514276322	0.4144918662883088	372853	1498
