ELOC	INTERCONNECTIVITY	INTRACONNECTIVITY	LOC	NUMOFCLASSES
242091	0.12198871396646126	0.39768305746522703	411283	1609
