ELOC	INTERCONNECTIVITY	INTRACONNECTIVITY	LOC	NUMOFCLASSES
43093	0.023110481370276333	0.17753204095285927	86972	876
