ELOC	INTERCONNECTIVITY	INTRACONNECTIVITY	LOC	NUMOFCLASSES
42724	0.05257491478800492	0.21273394685441688	65031	563
