ELOC	INTERCONNECTIVITY	INTRACONNECTIVITY	LOC	NUMOFCLASSES
31827	0.06011437965987041	0.12475335920693466	53084	265
