ELOC	INTERCONNECTIVITY	INTRACONNECTIVITY	LOC	NUMOFCLASSES
42043	0.022987879394444875	0.17660570535795972	84855	866
