ELOC	INTERCONNECTIVITY	INTRACONNECTIVITY	LOC	NUMOFCLASSES
29559	0.0695802627308193	0.29423895346059553	53210	401
