ELOC	INTERCONNECTIVITY	INTRACONNECTIVITY	LOC	NUMOFCLASSES
29291	0.04075157959118383	0.16935248216576831	48558	217
