ELOC	INTERCONNECTIVITY	INTRACONNECTIVITY	LOC	NUMOFCLASSES
43388	0.02277705711894151	0.17597044540590212	87577	882
