ELOC	INTERCONNECTIVITY	INTRACONNECTIVITY	LOC	NUMOFCLASSES
204140	0.1412686020500953	0.4419684765181207	342075	1386
