ELOC	INTERCONNECTIVITY	INTRACONNECTIVITY	LOC	NUMOFCLASSES
27843	0.07221812486683102	0.29574475004204365	50317	379
