ELOC	INTERCONNECTIVITY	INTRACONNECTIVITY	LOC	NUMOFCLASSES
42838	0.05232728311429463	0.2107498198702899	65206	565
