ELOC	INTERCONNECTIVITY	INTRACONNECTIVITY	LOC	NUMOFCLASSES
43683	0.02205339996108076	0.16026580438228635	89759	881
