ELOC	INTERCONNECTIVITY	INTRACONNECTIVITY	LOC	NUMOFCLASSES
77635	0.09032070679488369	0.24124331508319677	113690	1118
