ELOC	INTERCONNECTIVITY	INTRACONNECTIVITY	LOC	NUMOFCLASSES
24540	0.08307514945753161	0.3190398886938637	43665	312
