ELOC	INTERCONNECTIVITY	INTRACONNECTIVITY	LOC	NUMOFCLASSES
41078	0.049206003952436995	0.1927304046882495	63563	555
