ELOC	INTERCONNECTIVITY	INTRACONNECTIVITY	LOC	NUMOFCLASSES
22143	0.031924226552292184	0.14616440069874964	50345	555
