ELOC	INTERCONNECTIVITY	INTRACONNECTIVITY	LOC	NUMOFCLASSES
248373	0.14173450328842602	0.4227143198778704	421708	1631
