ELOC	INTERCONNECTIVITY	INTRACONNECTIVITY	LOC	NUMOFCLASSES
264644	0.1401692592591202	0.40464639523564633	460618	1823
