ELOC	INTERCONNECTIVITY	INTRACONNECTIVITY	LOC	NUMOFCLASSES
234185	0.12579756367903241	0.401248903668383	396173	1565
