ELOC	INTERCONNECTIVITY	INTRACONNECTIVITY	LOC	NUMOFCLASSES
56250	0.10770188243946902	0.4146451273786486	93716	428
