ELOC	INTERCONNECTIVITY	INTRACONNECTIVITY	LOC	NUMOFCLASSES
29245	0.06922841781990477	0.29053264210936647	52660	397
