ELOC	INTERCONNECTIVITY	INTRACONNECTIVITY	LOC	NUMOFCLASSES
27764	0.07218741821984964	0.29569581020134283	50216	379
