ELOC	INTERCONNECTIVITY	INTRACONNECTIVITY	LOC	NUMOFCLASSES
42613	0.052950549606741566	0.21317421171775866	64854	561
