ELOC	INTERCONNECTIVITY	INTRACONNECTIVITY	LOC	NUMOFCLASSES
40819	0.056880866747209796	0.15971520416706628	67463	338
