ELOC	INTERCONNECTIVITY	INTRACONNECTIVITY	LOC	NUMOFCLASSES
239326	0.12652597279973507	0.40147439345445946	406002	1595
