ELOC	INTERCONNECTIVITY	INTRACONNECTIVITY	LOC	NUMOFCLASSES
210651	0.13442524866309843	0.42572798988023003	353788	1426
