ELOC	INTERCONNECTIVITY	INTRACONNECTIVITY	LOC	NUMOFCLASSES
41967	0.023015693167304004	0.17660570535795972	84723	864
