ELOC	INTERCONNECTIVITY	INTRACONNECTIVITY	LOC	NUMOFCLASSES
67213	0.062066273492976526	0.2224244937009621	123268	922
