ELOC	INTERCONNECTIVITY	INTRACONNECTIVITY	LOC	NUMOFCLASSES
28858	0.0450403168914191	0.16971267637687756	47764	213
