ELOC	INTERCONNECTIVITY	INTRACONNECTIVITY	LOC	NUMOFCLASSES
23119	0.034833642053157525	0.15326897984705565	52476	571
