ELOC	INTERCONNECTIVITY	INTRACONNECTIVITY	LOC	NUMOFCLASSES
11335	0.0854403922940413	0.1183397195706761	18238	138
