ELOC	INTERCONNECTIVITY	INTRACONNECTIVITY	LOC	NUMOFCLASSES
42343	0.025800913124802767	0.1802053140327249	86841	775
