ELOC	INTERCONNECTIVITY	INTRACONNECTIVITY	LOC	NUMOFCLASSES
45826	0.048364994694527964	0.19974861297848534	70093	633
