ELOC	INTERCONNECTIVITY	INTRACONNECTIVITY	LOC	NUMOFCLASSES
50445	0.03548219157957806	0.2568669488338003	94544	1132
