ELOC	INTERCONNECTIVITY	INTRACONNECTIVITY	LOC	NUMOFCLASSES
71865	0.1716846508122724	0.31223605168986274	93190	476
