ELOC	INTERCONNECTIVITY	INTRACONNECTIVITY	LOC	NUMOFCLASSES
264696	0.14017686223229622	0.404669979909539	460767	1823
