ELOC	INTERCONNECTIVITY	INTRACONNECTIVITY	LOC	NUMOFCLASSES
43857	0.02267333237031383	0.17611619739839957	88587	886
