ELOC	INTERCONNECTIVITY	INTRACONNECTIVITY	LOC	NUMOFCLASSES
44411	0.022642839224769513	0.1786075398878308	89598	892
