ELOC	INTERCONNECTIVITY	INTRACONNECTIVITY	LOC	NUMOFCLASSES
43596	0.024201806811013773	0.1782029051549679	89806	800
