ELOC	INTERCONNECTIVITY	INTRACONNECTIVITY	LOC	NUMOFCLASSES
265530	0.14040161768677234	0.4050768583774688	462615	1831
