ELOC	INTERCONNECTIVITY	INTRACONNECTIVITY	LOC	NUMOFCLASSES
54556	0.10911292274829547	0.3850898645124039	91026	415
