ELOC	INTERCONNECTIVITY	INTRACONNECTIVITY	LOC	NUMOFCLASSES
27642	0.07222538030346773	0.2953224922429391	50000	379
