ELOC	INTERCONNECTIVITY	INTRACONNECTIVITY	LOC	NUMOFCLASSES
9153	0.09295537302623515	0.2350848726389852	20691	185
