ELOC	INTERCONNECTIVITY	INTRACONNECTIVITY	LOC	NUMOFCLASSES
27952	0.07222381237251851	0.29574475004204365	50450	379
