ELOC	INTERCONNECTIVITY	INTRACONNECTIVITY	LOC	NUMOFCLASSES
9259	0.09121830240542932	0.22077932489187901	20918	191
