ELOC	INTERCONNECTIVITY	INTRACONNECTIVITY	LOC	NUMOFCLASSES
265134	0.14016501326443606	0.404653216916358	461683	1828
