ELOC	INTERCONNECTIVITY	INTRACONNECTIVITY	LOC	NUMOFCLASSES
84530	0.0830257898566028	0.23091396125047767	124720	1233
