ELOC	INTERCONNECTIVITY	INTRACONNECTIVITY	LOC	NUMOFCLASSES
14018	0.11833628907642098	0.14905256948795215	25101	132
