ELOC	INTERCONNECTIVITY	INTRACONNECTIVITY	LOC	NUMOFCLASSES
50733	0.11376352393204524	0.3793669707246339	85422	402
