ELOC	INTERCONNECTIVITY	INTRACONNECTIVITY	LOC	NUMOFCLASSES
131784	0.1592099623344503	0.3937618214790569	213413	806
