ELOC	INTERCONNECTIVITY	INTRACONNECTIVITY	LOC	NUMOFCLASSES
13217	0.1258785746417329	0.1754508725355635	23785	120
