ELOC	INTERCONNECTIVITY	INTRACONNECTIVITY	LOC	NUMOFCLASSES
26178	0.07624389752249681	0.30431662371701346	46615	351
