ELOC	INTERCONNECTIVITY	INTRACONNECTIVITY	LOC	NUMOFCLASSES
44804	0.04907094415960668	0.19393014803532593	68790	631
