ELOC	INTERCONNECTIVITY	INTRACONNECTIVITY	LOC	NUMOFCLASSES
40005	0.05442540500599716	0.1946692410993872	60780	533
