ELOC	INTERCONNECTIVITY	INTRACONNECTIVITY	LOC	NUMOFCLASSES
48687	0.03574294107980026	0.25956782751328833	90455	1093
