ELOC	INTERCONNECTIVITY	INTRACONNECTIVITY	LOC	NUMOFCLASSES
10775	0.08520911541874254	0.1183397195706761	17234	128
