ELOC	INTERCONNECTIVITY	INTRACONNECTIVITY	LOC	NUMOFCLASSES
234810	0.1258223146484535	0.4012257007312084	397447	1565
