ELOC	INTERCONNECTIVITY	INTRACONNECTIVITY	LOC	NUMOFCLASSES
13727	0.11465731001606869	0.1625572577547308	24621	129
