ELOC	INTERCONNECTIVITY	INTRACONNECTIVITY	LOC	NUMOFCLASSES
44042	0.022704440516906833	0.17611619739839957	88857	887
