ELOC	INTERCONNECTIVITY	INTRACONNECTIVITY	LOC	NUMOFCLASSES
43439	0.022274902122868832	0.16105935069408303	89433	877
