ELOC	INTERCONNECTIVITY	INTRACONNECTIVITY	LOC	NUMOFCLASSES
68242	0.057511936242959714	0.2142823199828485	126342	937
