ELOC	INTERCONNECTIVITY	INTRACONNECTIVITY	LOC	NUMOFCLASSES
29472	0.06925314744211943	0.29162491837287624	53034	398
