ELOC	INTERCONNECTIVITY	INTRACONNECTIVITY	LOC	NUMOFCLASSES
16247	0.09653240667759108	0.22032212239084198	28696	162
