ELOC	INTERCONNECTIVITY	INTRACONNECTIVITY	LOC	NUMOFCLASSES
44844	0.04896957389743139	0.19393014803532593	68824	631
