ELOC	INTERCONNECTIVITY	INTRACONNECTIVITY	LOC	NUMOFCLASSES
18103	0.0306561834584239	0.13420260683592833	41127	487
