ELOC	INTERCONNECTIVITY	INTRACONNECTIVITY	LOC	NUMOFCLASSES
28800	0.0450403168914191	0.16971267637687756	47691	213
