ELOC	INTERCONNECTIVITY	INTRACONNECTIVITY	LOC	NUMOFCLASSES
214162	0.13370694412139586	0.41886693232859384	359841	1446
