ELOC	INTERCONNECTIVITY	INTRACONNECTIVITY	LOC	NUMOFCLASSES
24743	0.08348732874865039	0.31986633497485545	44035	312
