ELOC	INTERCONNECTIVITY	INTRACONNECTIVITY	LOC	NUMOFCLASSES
62995	0.11103701659437389	0.4313436436760199	103232	444
