ELOC	INTERCONNECTIVITY	INTRACONNECTIVITY	LOC	NUMOFCLASSES
40813	0.056837656677112096	0.15956514414305664	67450	338
