ELOC	INTERCONNECTIVITY	INTRACONNECTIVITY	LOC	NUMOFCLASSES
25089	0.0833945184566085	0.31111245563919515	44649	318
