ELOC	INTERCONNECTIVITY	INTRACONNECTIVITY	LOC	NUMOFCLASSES
216428	0.1298742022094208	0.41481505138577246	363917	1465
