ELOC	INTERCONNECTIVITY	INTRACONNECTIVITY	LOC	NUMOFCLASSES
43367	0.02277705711894151	0.17597044540590212	87545	882
