ELOC	INTERCONNECTIVITY	INTRACONNECTIVITY	LOC	NUMOFCLASSES
43547	0.052221067746076356	0.20873881316899973	66176	576
