ELOC	INTERCONNECTIVITY	INTRACONNECTIVITY	LOC	NUMOFCLASSES
29617	0.039527141808705334	0.16831081549910165	49315	221
