ELOC	INTERCONNECTIVITY	INTRACONNECTIVITY	LOC	NUMOFCLASSES
29429	0.03993019472011946	0.16831081549910165	48748	218
