ELOC	INTERCONNECTIVITY	INTRACONNECTIVITY	LOC	NUMOFCLASSES
22582	0.07699720417398632	0.20559960174254374	34623	262
