ELOC	INTERCONNECTIVITY	INTRACONNECTIVITY	LOC	NUMOFCLASSES
29487	0.045707187798955856	0.1738409606440507	48538	207
