ELOC	INTERCONNECTIVITY	INTRACONNECTIVITY	LOC	NUMOFCLASSES
19626	0.011903945961701289	0.09897709806928355	44231	359
