ELOC	INTERCONNECTIVITY	INTRACONNECTIVITY	LOC	NUMOFCLASSES
29093	0.06914605216932379	0.29050406510374566	52398	394
