ELOC	INTERCONNECTIVITY	INTRACONNECTIVITY	LOC	NUMOFCLASSES
210720	0.13442524866309843	0.42572798988023003	354079	1426
