ELOC	INTERCONNECTIVITY	INTRACONNECTIVITY	LOC	NUMOFCLASSES
43222	0.02312052920797291	0.17747446630680727	87310	879
