ELOC	INTERCONNECTIVITY	INTRACONNECTIVITY	LOC	NUMOFCLASSES
43990	0.022210812968933347	0.16037959547435504	90570	885
