ELOC	INTERCONNECTIVITY	INTRACONNECTIVITY	LOC	NUMOFCLASSES
44406	0.02264605874103241	0.1786075398878308	89581	892
