ELOC	INTERCONNECTIVITY	INTRACONNECTIVITY	LOC	NUMOFCLASSES
44255	0.02275309433587727	0.17603760878153413	89250	889
