ELOC	INTERCONNECTIVITY	INTRACONNECTIVITY	LOC	NUMOFCLASSES
41552	0.12799953200958036	0.2741003317921519	58128	585
