ELOC	INTERCONNECTIVITY	INTRACONNECTIVITY	LOC	NUMOFCLASSES
29452	0.06925314744211943	0.29162491837287624	53004	398
