ELOC	INTERCONNECTIVITY	INTRACONNECTIVITY	LOC	NUMOFCLASSES
43594	0.052221067746076356	0.20873881316899973	66235	576
