ELOC	INTERCONNECTIVITY	INTRACONNECTIVITY	LOC	NUMOFCLASSES
52184	0.10869010931416936	0.38036852960078743	87535	405
