ELOC	INTERCONNECTIVITY	INTRACONNECTIVITY	LOC	NUMOFCLASSES
67363	0.06094227265888686	0.22235426997986227	123649	927
