ELOC	INTERCONNECTIVITY	INTRACONNECTIVITY	LOC	NUMOFCLASSES
247019	0.1406594353146899	0.4154512419037206	418140	1628
