ELOC	INTERCONNECTIVITY	INTRACONNECTIVITY	LOC	NUMOFCLASSES
40501	0.1307449732428832	0.2776258262612968	56415	565
