ELOC	INTERCONNECTIVITY	INTRACONNECTIVITY	LOC	NUMOFCLASSES
42862	0.05240527646450982	0.21060897117088265	65255	566
