ELOC	INTERCONNECTIVITY	INTRACONNECTIVITY	LOC	NUMOFCLASSES
147937	0.1666229016932647	0.3960365760118917	242153	939
