ELOC	INTERCONNECTIVITY	INTRACONNECTIVITY	LOC	NUMOFCLASSES
264509	0.14153715836572175	0.408624298544898	460221	1822
