ELOC	INTERCONNECTIVITY	INTRACONNECTIVITY	LOC	NUMOFCLASSES
14412	0.045527542690369766	0.16100152918935035	28461	255
