ELOC	INTERCONNECTIVITY	INTRACONNECTIVITY	LOC	NUMOFCLASSES
40204	0.05233723585828253	0.1984387566413701	61117	536
