ELOC	INTERCONNECTIVITY	INTRACONNECTIVITY	LOC	NUMOFCLASSES
29568	0.0695802627308193	0.29423895346059553	53225	401
