ELOC	INTERCONNECTIVITY	INTRACONNECTIVITY	LOC	NUMOFCLASSES
24762	0.07658076208505177	0.2971913138420925	43580	302
