ELOC	INTERCONNECTIVITY	INTRACONNECTIVITY	LOC	NUMOFCLASSES
49166	0.03581007491247416	0.25825895730209203	91457	1105
