ELOC	INTERCONNECTIVITY	INTRACONNECTIVITY	LOC	NUMOFCLASSES
43472	0.022778995714388406	0.1760443720682736	87710	883
