ELOC	INTERCONNECTIVITY	INTRACONNECTIVITY	LOC	NUMOFCLASSES
28891	0.04412664629151367	0.16971267637687756	47919	213
