ELOC	INTERCONNECTIVITY	INTRACONNECTIVITY	LOC	NUMOFCLASSES
23480	0.033580220434505204	0.1592262270596662	53321	576
