ELOC	INTERCONNECTIVITY	INTRACONNECTIVITY	LOC	NUMOFCLASSES
27243	0.07103763108114375	0.20229348641724737	41518	314
