ELOC	INTERCONNECTIVITY	INTRACONNECTIVITY	LOC	NUMOFCLASSES
49112	0.12263193718681067	0.2624621260711368	70204	723
