ELOC	INTERCONNECTIVITY	INTRACONNECTIVITY	LOC	NUMOFCLASSES
67392	0.059332625306567785	0.21857814694723532	123732	928
