ELOC	INTERCONNECTIVITY	INTRACONNECTIVITY	LOC	NUMOFCLASSES
21524	0.07913912890286626	0.21102810185323773	32815	247
