ELOC	INTERCONNECTIVITY	INTRACONNECTIVITY	LOC	NUMOFCLASSES
14353	0.11734444763607245	0.14723877888295275	25667	136
