ELOC	INTERCONNECTIVITY	INTRACONNECTIVITY	LOC	NUMOFCLASSES
51249	0.11388294657924723	0.37949253881353706	86253	404
