ELOC	INTERCONNECTIVITY	INTRACONNECTIVITY	LOC	NUMOFCLASSES
36840	0.1339209503372619	0.28410811350370296	51181	528
