ELOC	INTERCONNECTIVITY	INTRACONNECTIVITY	LOC	NUMOFCLASSES
240565	0.12228905073280917	0.3996469365250621	408009	1597
