ELOC	INTERCONNECTIVITY	INTRACONNECTIVITY	LOC	NUMOFCLASSES
239330	0.12652597279973507	0.40147439345445946	405896	1595
