ELOC	INTERCONNECTIVITY	INTRACONNECTIVITY	LOC	NUMOFCLASSES
29497	0.06968112512517896	0.29435518153077095	53085	400
