ELOC	INTERCONNECTIVITY	INTRACONNECTIVITY	LOC	NUMOFCLASSES
70739	0.1717650037123502	0.312603650632421	92164	472
