ELOC	INTERCONNECTIVITY	INTRACONNECTIVITY	LOC	NUMOFCLASSES
23144	0.03477226987048647	0.15271511594855505	52531	572
