ELOC	INTERCONNECTIVITY	INTRACONNECTIVITY	LOC	NUMOFCLASSES
9030	0.0980903745722764	0.19460322992831255	20545	190
