ELOC	INTERCONNECTIVITY	INTRACONNECTIVITY	LOC	NUMOFCLASSES
29582	0.06948111930737243	0.29423895346059553	53249	401
