ELOC	INTERCONNECTIVITY	INTRACONNECTIVITY	LOC	NUMOFCLASSES
19317	0.029036648901409542	0.1323446471415385	43714	512
