ELOC	INTERCONNECTIVITY	INTRACONNECTIVITY	LOC	NUMOFCLASSES
26316	0.07615401185857755	0.30485012477080586	46820	353
