ELOC	INTERCONNECTIVITY	INTRACONNECTIVITY	LOC	NUMOFCLASSES
32439	0.06312803109449808	0.11959353421217828	53987	257
