ELOC	INTERCONNECTIVITY	INTRACONNECTIVITY	LOC	NUMOFCLASSES
47982	0.03434592888186596	0.2547738310968879	86296	1022
