ELOC	INTERCONNECTIVITY	INTRACONNECTIVITY	LOC	NUMOFCLASSES
264311	0.14140704056339642	0.4088946284948842	459349	1817
