ELOC	INTERCONNECTIVITY	INTRACONNECTIVITY	LOC	NUMOFCLASSES
27590	0.07222458163245629	0.2953224922429391	49922	379
