ELOC	INTERCONNECTIVITY	INTRACONNECTIVITY	LOC	NUMOFCLASSES
85778	0.08116977232958257	0.23495257312241097	126712	1254
