ELOC	INTERCONNECTIVITY	INTRACONNECTIVITY	LOC	NUMOFCLASSES
20370	0.01180060001789063	0.09918193253453322	46001	366
