ELOC	INTERCONNECTIVITY	INTRACONNECTIVITY	LOC	NUMOFCLASSES
20274	0.01180060001789063	0.09918193253453322	45826	366
