ELOC	INTERCONNECTIVITY	INTRACONNECTIVITY	LOC	NUMOFCLASSES
50431	0.0355686525373751	0.2569567447521676	94510	1131
