ELOC	INTERCONNECTIVITY	INTRACONNECTIVITY	LOC	NUMOFCLASSES
26106	0.076365926360985	0.29755986696025666	46505	349
