ELOC	INTERCONNECTIVITY	INTRACONNECTIVITY	LOC	NUMOFCLASSES
48378	0.03563849000250663	0.2605795502451945	89919	1090
