ELOC	INTERCONNECTIVITY	INTRACONNECTIVITY	LOC	NUMOFCLASSES
38265	0.027894372573981467	0.18389749496472954	67343	700
