ELOC	INTERCONNECTIVITY	INTRACONNECTIVITY	LOC	NUMOFCLASSES
25456	0.08477692632414643	0.31036877892149245	45298	321
