ELOC	INTERCONNECTIVITY	INTRACONNECTIVITY	LOC	NUMOFCLASSES
60595	0.10405139890508691	0.23710272954138123	88423	931
