ELOC	INTERCONNECTIVITY	INTRACONNECTIVITY	LOC	NUMOFCLASSES
43859	0.0222489832564055	0.16181060595952	88272	879
