ELOC	INTERCONNECTIVITY	INTRACONNECTIVITY	LOC	NUMOFCLASSES
27328	0.07076868839947645	0.29624625620773487	48696	374
