ELOC	INTERCONNECTIVITY	INTRACONNECTIVITY	LOC	NUMOFCLASSES
47676	0.04559647934566379	0.15550805482353103	77544	392
