ELOC	INTERCONNECTIVITY	INTRACONNECTIVITY	LOC	NUMOFCLASSES
43562	0.022772945885347468	0.1760443720682736	87865	883
