ELOC	INTERCONNECTIVITY	INTRACONNECTIVITY	LOC	NUMOFCLASSES
43159	0.023097088475995425	0.17753204095285927	87190	878
