ELOC	INTERCONNECTIVITY	INTRACONNECTIVITY	LOC	NUMOFCLASSES
264095	0.14140676980931607	0.4088946284948842	458873	1817
