ELOC	INTERCONNECTIVITY	INTRACONNECTIVITY	LOC	NUMOFCLASSES
26043	0.076348422429227	0.2973259808019532	46424	347
