ELOC	INTERCONNECTIVITY	INTRACONNECTIVITY	LOC	NUMOFCLASSES
43137	0.02310396396622523	0.17753204095285927	87149	877
