ELOC	INTERCONNECTIVITY	INTRACONNECTIVITY	LOC	NUMOFCLASSES
51091	0.03537081979547871	0.2603306761568505	95722	1142
