ELOC	INTERCONNECTIVITY	INTRACONNECTIVITY	LOC	NUMOFCLASSES
23810	0.033457117597183166	0.16137025128126575	53995	588
