ELOC	INTERCONNECTIVITY	INTRACONNECTIVITY	LOC	NUMOFCLASSES
10070	0.0964543463288795	0.17325304078370454	15796	115
