ELOC	INTERCONNECTIVITY	INTRACONNECTIVITY	LOC	NUMOFCLASSES
47329	0.04551669764895452	0.15550805482353103	77101	392
