ELOC	INTERCONNECTIVITY	INTRACONNECTIVITY	LOC	NUMOFCLASSES
42566	0.0528326582415901	0.2130787846580459	64805	562
