ELOC	INTERCONNECTIVITY	INTRACONNECTIVITY	LOC	NUMOFCLASSES
40893	0.05689963774875078	0.15999327910074343	67512	338
