ELOC	INTERCONNECTIVITY	INTRACONNECTIVITY	LOC	NUMOFCLASSES
43366	0.02283048218206732	0.17597044540590212	87544	882
