ELOC	INTERCONNECTIVITY	INTRACONNECTIVITY	LOC	NUMOFCLASSES
85400	0.0816410267908907	0.2352392629616093	126073	1245
