ELOC	INTERCONNECTIVITY	INTRACONNECTIVITY	LOC	NUMOFCLASSES
43070	0.05223290022964791	0.20918833262160277	65568	570
