ELOC	INTERCONNECTIVITY	INTRACONNECTIVITY	LOC	NUMOFCLASSES
16153	0.09768246390960711	0.22331231846927332	28549	161
