ELOC	INTERCONNECTIVITY	INTRACONNECTIVITY	LOC	NUMOFCLASSES
213318	0.1350581833680478	0.423653365048551	358242	1436
