ELOC	INTERCONNECTIVITY	INTRACONNECTIVITY	LOC	NUMOFCLASSES
45207	0.05075288919444082	0.15220837682564622	73759	367
