ELOC	INTERCONNECTIVITY	INTRACONNECTIVITY	LOC	NUMOFCLASSES
18456	0.03027494322400005	0.13612568375900524	41776	490
