ELOC	INTERCONNECTIVITY	INTRACONNECTIVITY	LOC	NUMOFCLASSES
264554	0.1401687611724368	0.4046440813849359	460436	1823
