ELOC	INTERCONNECTIVITY	INTRACONNECTIVITY	LOC	NUMOFCLASSES
264550	0.14154129864955972	0.40862872067125294	459872	1822
