ELOC	INTERCONNECTIVITY	INTRACONNECTIVITY	LOC	NUMOFCLASSES
256147	0.1403459117573075	0.40903876492502456	439349	1719
