ELOC	INTERCONNECTIVITY	INTRACONNECTIVITY	LOC	NUMOFCLASSES
37598	0.054458257988444524	0.1920895135134477	58350	476
