ELOC	INTERCONNECTIVITY	INTRACONNECTIVITY	LOC	NUMOFCLASSES
211546	0.13418790173137765	0.4232499587919641	355579	1431
