ELOC	INTERCONNECTIVITY	INTRACONNECTIVITY	LOC	NUMOFCLASSES
84284	0.08305693656750648	0.23105442661144776	124323	1232
