ELOC	INTERCONNECTIVITY	INTRACONNECTIVITY	LOC	NUMOFCLASSES
43191	0.023103053004257947	0.17747446630680727	87261	879
