ELOC	INTERCONNECTIVITY	INTRACONNECTIVITY	LOC	NUMOFCLASSES
41245	0.052923057194667535	0.20046178814339802	62635	543
