ELOC	INTERCONNECTIVITY	INTRACONNECTIVITY	LOC	NUMOFCLASSES
242093	0.12198871396646126	0.39768305746522703	410782	1609
