ELOC	INTERCONNECTIVITY	INTRACONNECTIVITY	LOC	NUMOFCLASSES
162580	0.1323773332349179	0.4099767317905369	270966	1151
