ELOC	INTERCONNECTIVITY	INTRACONNECTIVITY	LOC	NUMOFCLASSES
43833	0.022255353562774992	0.16181060595952	88193	878
