ELOC	INTERCONNECTIVITY	INTRACONNECTIVITY	LOC	NUMOFCLASSES
37553	0.05452772676130756	0.19235811016917514	58286	475
