ELOC	INTERCONNECTIVITY	INTRACONNECTIVITY	LOC	NUMOFCLASSES
11590	0.13507199162985303	0.1711730838841168	21401	105
