ELOC	INTERCONNECTIVITY	INTRACONNECTIVITY	LOC	NUMOFCLASSES
18505	0.07893822020247453	0.19838541420189837	32275	197
