ELOC	INTERCONNECTIVITY	INTRACONNECTIVITY	LOC	NUMOFCLASSES
28709	0.06953693973380486	0.2863991780601181	51636	389
