ELOC	INTERCONNECTIVITY	INTRACONNECTIVITY	LOC	NUMOFCLASSES
46193	0.04810783796847161	0.15213249957619074	75200	372
