ELOC	INTERCONNECTIVITY	INTRACONNECTIVITY	LOC	NUMOFCLASSES
29465	0.03994646690946858	0.16831081549910165	48797	218
