ELOC	INTERCONNECTIVITY	INTRACONNECTIVITY	LOC	NUMOFCLASSES
51814	0.12236746243386694	0.26576196374860606	74895	774
