ELOC	INTERCONNECTIVITY	INTRACONNECTIVITY	LOC	NUMOFCLASSES
35221	0.027408982262286753	0.1706844788591309	62035	649
