ELOC	INTERCONNECTIVITY	INTRACONNECTIVITY	LOC	NUMOFCLASSES
18831	0.029900763815323573	0.1329683781016996	42485	498
