ELOC	INTERCONNECTIVITY	INTRACONNECTIVITY	LOC	NUMOFCLASSES
37621	0.054472201937121094	0.1920895135134477	58379	476
