ELOC	INTERCONNECTIVITY	INTRACONNECTIVITY	LOC	NUMOFCLASSES
264282	0.14140704056339642	0.4088946284948842	459281	1817
