ELOC	INTERCONNECTIVITY	INTRACONNECTIVITY	LOC	NUMOFCLASSES
41913	0.02302894515118408	0.17688121663876202	84578	862
