ELOC	INTERCONNECTIVITY	INTRACONNECTIVITY	LOC	NUMOFCLASSES
25736	0.07108749103613467	0.19873526225960336	39206	297
