ELOC	INTERCONNECTIVITY	INTRACONNECTIVITY	LOC	NUMOFCLASSES
17073	0.0352577795578409	0.17189160420121707	34422	313
