ELOC	INTERCONNECTIVITY	INTRACONNECTIVITY	LOC	NUMOFCLASSES
18435	0.03026003565095294	0.13612568375900524	41747	490
