ELOC	INTERCONNECTIVITY	INTRACONNECTIVITY	LOC	NUMOFCLASSES
43167	0.052241228835367255	0.20958635075808996	65694	572
