ELOC	INTERCONNECTIVITY	INTRACONNECTIVITY	LOC	NUMOFCLASSES
194333	0.13598566435287662	0.4173451628716849	325455	1333
