ELOC	INTERCONNECTIVITY	INTRACONNECTIVITY	LOC	NUMOFCLASSES
217310	0.12988911403958653	0.41484828426904913	366571	1466
