ELOC	INTERCONNECTIVITY	INTRACONNECTIVITY	LOC	NUMOFCLASSES
44233	0.02284747187099185	0.17603760878153413	89207	888
