ELOC	INTERCONNECTIVITY	INTRACONNECTIVITY	LOC	NUMOFCLASSES
29592	0.0395369179857056	0.16831081549910165	49264	221
