ELOC	INTERCONNECTIVITY	INTRACONNECTIVITY	LOC	NUMOFCLASSES
40808	0.056837656677112096	0.15956514414305664	67448	338
