ELOC	INTERCONNECTIVITY	INTRACONNECTIVITY	LOC	NUMOFCLASSES
53878	0.10932041560001468	0.3845495710296436	90054	412
