ELOC	INTERCONNECTIVITY	INTRACONNECTIVITY	LOC	NUMOFCLASSES
21890	0.03204182707768031	0.14781312929513354	49706	549
