ELOC	INTERCONNECTIVITY	INTRACONNECTIVITY	LOC	NUMOFCLASSES
50576	0.11375823667385548	0.37998437197583623	85175	402
