ELOC	INTERCONNECTIVITY	INTRACONNECTIVITY	LOC	NUMOFCLASSES
240745	0.1217021527279588	0.39741047964742976	408110	1599
