ELOC	INTERCONNECTIVITY	INTRACONNECTIVITY	LOC	NUMOFCLASSES
29493	0.06971315993006695	0.29435518153077095	53085	400
