ELOC	INTERCONNECTIVITY	INTRACONNECTIVITY	LOC	NUMOFCLASSES
15954	0.04488674377545596	0.16562806091215182	30951	266
