ELOC	INTERCONNECTIVITY	INTRACONNECTIVITY	LOC	NUMOFCLASSES
43585	0.024165250125174054	0.1782029051549679	89789	800
