ELOC	INTERCONNECTIVITY	INTRACONNECTIVITY	LOC	NUMOFCLASSES
45686	0.04866187603408981	0.1517994851141623	74394	369
