ELOC	INTERCONNECTIVITY	INTRACONNECTIVITY	LOC	NUMOFCLASSES
211673	0.13482200547662565	0.42341961126399313	355712	1431
