ELOC	INTERCONNECTIVITY	INTRACONNECTIVITY	LOC	NUMOFCLASSES
213089	0.13504809364518297	0.42363248630720696	357852	1435
