ELOC	INTERCONNECTIVITY	INTRACONNECTIVITY	LOC	NUMOFCLASSES
251278	0.14179032078514095	0.42297666587625743	426139	1637
