ELOC	INTERCONNECTIVITY	INTRACONNECTIVITY	LOC	NUMOFCLASSES
265933	0.14266588014425624	0.40508249695577225	463313	1831
