ELOC	INTERCONNECTIVITY	INTRACONNECTIVITY	LOC	NUMOFCLASSES
18458	0.03027494322400005	0.13612568375900524	41781	490
