ELOC	INTERCONNECTIVITY	INTRACONNECTIVITY	LOC	NUMOFCLASSES
50526	0.03583505130426695	0.2581736275412398	94551	1130
