ELOC	INTERCONNECTIVITY	INTRACONNECTIVITY	LOC	NUMOFCLASSES
27931	0.07222381237251851	0.29574475004204365	50420	379
