ELOC	INTERCONNECTIVITY	INTRACONNECTIVITY	LOC	NUMOFCLASSES
202532	0.1416698689023517	0.443687077229197	339055	1376
