ELOC	INTERCONNECTIVITY	INTRACONNECTIVITY	LOC	NUMOFCLASSES
31416	0.06025371147760466	0.12506056156524542	52491	263
