ELOC	INTERCONNECTIVITY	INTRACONNECTIVITY	LOC	NUMOFCLASSES
18895	0.07710600334900268	0.19791581203373163	32864	201
