ELOC	INTERCONNECTIVITY	INTRACONNECTIVITY	LOC	NUMOFCLASSES
37651	0.05437146336141309	0.19162138378533744	58435	477
