ELOC	INTERCONNECTIVITY	INTRACONNECTIVITY	LOC	NUMOFCLASSES
29465	0.06925314744211943	0.29162491837287624	53019	398
