ELOC	INTERCONNECTIVITY	INTRACONNECTIVITY	LOC	NUMOFCLASSES
246494	0.14059742335207043	0.41544466980948996	417296	1628
