ELOC	INTERCONNECTIVITY	INTRACONNECTIVITY	LOC	NUMOFCLASSES
24981	0.08334641517859602	0.31695410331160434	44502	318
