ELOC	INTERCONNECTIVITY	INTRACONNECTIVITY	LOC	NUMOFCLASSES
22447	0.03244026227639523	0.14834722053143684	50964	559
