ELOC	INTERCONNECTIVITY	INTRACONNECTIVITY	LOC	NUMOFCLASSES
23893	0.033544042255047424	0.16189656707073943	54242	588
