ELOC	INTERCONNECTIVITY	INTRACONNECTIVITY	LOC	NUMOFCLASSES
17979	0.03044087900032583	0.13460645298977447	40908	486
