ELOC	INTERCONNECTIVITY	INTRACONNECTIVITY	LOC	NUMOFCLASSES
11720	0.13309275247253238	0.15942094713198007	21593	107
