ELOC	INTERCONNECTIVITY	INTRACONNECTIVITY	LOC	NUMOFCLASSES
239026	0.1265139182581537	0.40150291787276504	405039	1592
