ELOC	INTERCONNECTIVITY	INTRACONNECTIVITY	LOC	NUMOFCLASSES
79672	0.08871117344724908	0.23715115309557153	117535	1140
