ELOC	INTERCONNECTIVITY	INTRACONNECTIVITY	LOC	NUMOFCLASSES
18022	0.03046174960259178	0.13460645298977447	40982	486
