ELOC	INTERCONNECTIVITY	INTRACONNECTIVITY	LOC	NUMOFCLASSES
25298	0.08395109761694607	0.3111759477026872	44995	319
