ELOC	INTERCONNECTIVITY	INTRACONNECTIVITY	LOC	NUMOFCLASSES
43536	0.02276176948195939	0.1760443720682736	87828	883
