ELOC	INTERCONNECTIVITY	INTRACONNECTIVITY	LOC	NUMOFCLASSES
83036	0.08328750946479833	0.23340370769295976	122313	1201
