ELOC	INTERCONNECTIVITY	INTRACONNECTIVITY	LOC	NUMOFCLASSES
266052	0.142667953475159	0.40508661384052813	463268	1831
