ELOC	INTERCONNECTIVITY	INTRACONNECTIVITY	LOC	NUMOFCLASSES
29154	0.06936236042365375	0.29071550969318066	52528	395
