ELOC	INTERCONNECTIVITY	INTRACONNECTIVITY	LOC	NUMOFCLASSES
241002	0.12179348331235344	0.39688754879890414	408573	1600
