ELOC	INTERCONNECTIVITY	INTRACONNECTIVITY	LOC	NUMOFCLASSES
29434	0.06925314744211943	0.29162491837287624	52983	398
