ELOC	INTERCONNECTIVITY	INTRACONNECTIVITY	LOC	NUMOFCLASSES
25683	0.08488126468513336	0.3089308032563288	45731	330
