ELOC	INTERCONNECTIVITY	INTRACONNECTIVITY	LOC	NUMOFCLASSES
24830	0.08238687991817975	0.3115802361176679	44258	316
