ELOC	INTERCONNECTIVITY	INTRACONNECTIVITY	LOC	NUMOFCLASSES
46461	0.04775957639329996	0.15071543612300883	75513	377
