ELOC	INTERCONNECTIVITY	INTRACONNECTIVITY	LOC	NUMOFCLASSES
236763	0.1262934177564564	0.40150312178167247	400788	1571
