ELOC	INTERCONNECTIVITY	INTRACONNECTIVITY	LOC	NUMOFCLASSES
27184	0.07122580048179308	0.29817509280714555	48417	372
