ELOC	INTERCONNECTIVITY	INTRACONNECTIVITY	LOC	NUMOFCLASSES
47171	0.10809394492415295	0.3791284605158734	80490	388
