ELOC	INTERCONNECTIVITY	INTRACONNECTIVITY	LOC	NUMOFCLASSES
51751	0.10720382398530355	0.37740895420317233	86885	404
