ELOC	INTERCONNECTIVITY	INTRACONNECTIVITY	LOC	NUMOFCLASSES
27253	0.07082959267826695	0.29658027484869126	48565	373
