ELOC	INTERCONNECTIVITY	INTRACONNECTIVITY	LOC	NUMOFCLASSES
19026	0.030115465436075496	0.13303823681441546	42915	501
