ELOC	INTERCONNECTIVITY	INTRACONNECTIVITY	LOC	NUMOFCLASSES
43192	0.023103387918385964	0.17747446630680727	87263	879
