ELOC	INTERCONNECTIVITY	INTRACONNECTIVITY	LOC	NUMOFCLASSES
247387	0.14103813190607667	0.4172821993379574	418821	1629
