ELOC	INTERCONNECTIVITY	INTRACONNECTIVITY	LOC	NUMOFCLASSES
41995	0.023023014950276238	0.17660570535795972	84759	864
