ELOC	INTERCONNECTIVITY	INTRACONNECTIVITY	LOC	NUMOFCLASSES
29079	0.040838560379158693	0.16963652613412228	48261	215
