ELOC	INTERCONNECTIVITY	INTRACONNECTIVITY	LOC	NUMOFCLASSES
58867	0.11040201221971942	0.4197498569794073	98002	435
