ELOC	INTERCONNECTIVITY	INTRACONNECTIVITY	LOC	NUMOFCLASSES
81217	0.08782665923288133	0.2347415480919369	119781	1163
