ELOC	INTERCONNECTIVITY	INTRACONNECTIVITY	LOC	NUMOFCLASSES
37420	0.027431348641076127	0.17733070382891064	65654	686
