ELOC	INTERCONNECTIVITY	INTRACONNECTIVITY	LOC	NUMOFCLASSES
45870	0.04836526145509435	0.19974861297848534	70149	633
