ELOC	INTERCONNECTIVITY	INTRACONNECTIVITY	LOC	NUMOFCLASSES
28738	0.0693806194410035	0.28568351834421946	51707	390
