ELOC	INTERCONNECTIVITY	INTRACONNECTIVITY	LOC	NUMOFCLASSES
191428	0.13612528777196298	0.416765106478454	318538	1300
