ELOC	INTERCONNECTIVITY	INTRACONNECTIVITY	LOC	NUMOFCLASSES
43667	0.02264252510469828	0.16383747982680932	87816	871
