ELOC	INTERCONNECTIVITY	INTRACONNECTIVITY	LOC	NUMOFCLASSES
18865	0.029977387377152925	0.13298800133560854	42537	499
