ELOC	INTERCONNECTIVITY	INTRACONNECTIVITY	LOC	NUMOFCLASSES
266977	0.13852841702091714	0.38193418179649347	465606	1842
