ELOC	INTERCONNECTIVITY	INTRACONNECTIVITY	LOC	NUMOFCLASSES
69802	0.05469559308391291	0.20635160368377004	128526	945
