ELOC	INTERCONNECTIVITY	INTRACONNECTIVITY	LOC	NUMOFCLASSES
25454	0.07254315292134149	0.20199640781582645	38802	294
