ELOC	INTERCONNECTIVITY	INTRACONNECTIVITY	LOC	NUMOFCLASSES
42789	0.055607884677517205	0.16484426407904498	69767	342
