ELOC	INTERCONNECTIVITY	INTRACONNECTIVITY	LOC	NUMOFCLASSES
10830	0.08520911541874254	0.1183397195706761	17327	128
