ELOC	INTERCONNECTIVITY	INTRACONNECTIVITY	LOC	NUMOFCLASSES
16134	0.036762144176358855	0.16270455807879927	32353	292
