ELOC	INTERCONNECTIVITY	INTRACONNECTIVITY	LOC	NUMOFCLASSES
8921	0.0937819189444743	0.236076413591748	20270	183
