ELOC	INTERCONNECTIVITY	INTRACONNECTIVITY	LOC	NUMOFCLASSES
19429	0.02907461869320193	0.13203775746837604	43983	512
