ELOC	INTERCONNECTIVITY	INTRACONNECTIVITY	LOC	NUMOFCLASSES
27620	0.07222538030346773	0.2953224922429391	49973	379
