ELOC	INTERCONNECTIVITY	INTRACONNECTIVITY	LOC	NUMOFCLASSES
44000	0.022701853649913187	0.17611619739839957	88799	887
