ELOC	INTERCONNECTIVITY	INTRACONNECTIVITY	LOC	NUMOFCLASSES
11024	0.07322115740384963	0.0982090288053769	18204	142
