ELOC	INTERCONNECTIVITY	INTRACONNECTIVITY	LOC	NUMOFCLASSES
24856	0.08406817368655901	0.3187230932605251	44294	316
