ELOC	INTERCONNECTIVITY	INTRACONNECTIVITY	LOC	NUMOFCLASSES
238942	0.12638529402426993	0.40150291787276504	404913	1592
