ELOC	INTERCONNECTIVITY	INTRACONNECTIVITY	LOC	NUMOFCLASSES
72505	0.17156274543235736	0.3117895196609714	94030	480
