ELOC	INTERCONNECTIVITY	INTRACONNECTIVITY	LOC	NUMOFCLASSES
37934	0.13220561910682166	0.28536406213616694	52549	539
