ELOC	INTERCONNECTIVITY	INTRACONNECTIVITY	LOC	NUMOFCLASSES
28647	0.07023413185484587	0.288849500294275	51501	388
