ELOC	INTERCONNECTIVITY	INTRACONNECTIVITY	LOC	NUMOFCLASSES
18100	0.0306561834584239	0.13420260683592833	41120	487
