ELOC	INTERCONNECTIVITY	INTRACONNECTIVITY	LOC	NUMOFCLASSES
27106	0.07041447661160341	0.20189133520121313	41301	312
