ELOC	INTERCONNECTIVITY	INTRACONNECTIVITY	LOC	NUMOFCLASSES
234248	0.12580011335740207	0.401248903668383	396398	1565
