ELOC	INTERCONNECTIVITY	INTRACONNECTIVITY	LOC	NUMOFCLASSES
27255	0.0707533446326134	0.29636912620004263	48565	373
