ELOC	INTERCONNECTIVITY	INTRACONNECTIVITY	LOC	NUMOFCLASSES
21839	0.03203029499012184	0.14706357021224112	49575	547
