ELOC	INTERCONNECTIVITY	INTRACONNECTIVITY	LOC	NUMOFCLASSES
24899	0.08213291768800723	0.31643533734951645	44025	311
