ELOC	INTERCONNECTIVITY	INTRACONNECTIVITY	LOC	NUMOFCLASSES
29713	0.03953839727564642	0.168665257843147	49323	221
