ELOC	INTERCONNECTIVITY	INTRACONNECTIVITY	LOC	NUMOFCLASSES
28917	0.04501782476366382	0.16971267637687756	47830	213
