ELOC	INTERCONNECTIVITY	INTRACONNECTIVITY	LOC	NUMOFCLASSES
19074	0.013130328017899906	0.10393733041392583	43066	354
