ELOC	INTERCONNECTIVITY	INTRACONNECTIVITY	LOC	NUMOFCLASSES
214920	0.13332043828506723	0.4169401093424399	361129	1451
