ELOC	INTERCONNECTIVITY	INTRACONNECTIVITY	LOC	NUMOFCLASSES
212637	0.13508245322247545	0.42362109235217776	357189	1434
