ELOC	INTERCONNECTIVITY	INTRACONNECTIVITY	LOC	NUMOFCLASSES
21882	0.03203861536133909	0.14741630389830815	49679	549
