ELOC	INTERCONNECTIVITY	INTRACONNECTIVITY	LOC	NUMOFCLASSES
18223	0.030762896160935277	0.13420260683592833	41378	487
