ELOC	INTERCONNECTIVITY	INTRACONNECTIVITY	LOC	NUMOFCLASSES
19475	0.02909053472012762	0.13203775746837604	44102	512
