ELOC	INTERCONNECTIVITY	INTRACONNECTIVITY	LOC	NUMOFCLASSES
28946	0.06857722594723409	0.29249220673185516	52158	392
