ELOC	INTERCONNECTIVITY	INTRACONNECTIVITY	LOC	NUMOFCLASSES
78804	0.08859647057975643	0.2395636060664175	116242	1127
