ELOC	INTERCONNECTIVITY	INTRACONNECTIVITY	LOC	NUMOFCLASSES
32380	0.06312150817557013	0.11957882140615192	53905	257
