ELOC	INTERCONNECTIVITY	INTRACONNECTIVITY	LOC	NUMOFCLASSES
261594	0.14121425211370153	0.40845914740602596	452855	1813
