ELOC	INTERCONNECTIVITY	INTRACONNECTIVITY	LOC	NUMOFCLASSES
44324	0.02265110592465117	0.17603760878153413	89392	891
