ELOC	INTERCONNECTIVITY	INTRACONNECTIVITY	LOC	NUMOFCLASSES
19946	0.028785200807614073	0.1322264184917069	45294	519
