ELOC	INTERCONNECTIVITY	INTRACONNECTIVITY	LOC	NUMOFCLASSES
43583	0.022787775769405876	0.1760443720682736	87897	883
