ELOC	INTERCONNECTIVITY	INTRACONNECTIVITY	LOC	NUMOFCLASSES
43497	0.022058403454501656	0.16051401330668788	89396	879
