ELOC	INTERCONNECTIVITY	INTRACONNECTIVITY	LOC	NUMOFCLASSES
25068	0.08627424623395902	0.3293602303298142	44106	308
