ELOC	INTERCONNECTIVITY	INTRACONNECTIVITY	LOC	NUMOFCLASSES
43094	0.0231110395604897	0.17753204095285927	87003	876
