ELOC	INTERCONNECTIVITY	INTRACONNECTIVITY	LOC	NUMOFCLASSES
266975	0.13852841702091714	0.38193418179649347	465609	1842
