ELOC	INTERCONNECTIVITY	INTRACONNECTIVITY	LOC	NUMOFCLASSES
18076	0.030415043233699552	0.13604876068208216	41084	487
