ELOC	INTERCONNECTIVITY	INTRACONNECTIVITY	LOC	NUMOFCLASSES
194096	0.13597443097348874	0.41730141244665914	325102	1333
