ELOC	INTERCONNECTIVITY	INTRACONNECTIVITY	LOC	NUMOFCLASSES
46196	0.04810783796847161	0.15213249957619074	75206	372
