ELOC	INTERCONNECTIVITY	INTRACONNECTIVITY	LOC	NUMOFCLASSES
29233	0.06922841781990477	0.29053264210936647	52648	397
