ELOC	INTERCONNECTIVITY	INTRACONNECTIVITY	LOC	NUMOFCLASSES
23746	0.033275346027494296	0.16162133380548968	53855	585
