ELOC	INTERCONNECTIVITY	INTRACONNECTIVITY	LOC	NUMOFCLASSES
19441	0.013119398920075857	0.10392595297274775	43727	357
