ELOC	INTERCONNECTIVITY	INTRACONNECTIVITY	LOC	NUMOFCLASSES
9560	0.08526129465452262	0.1754108198312725	14762	104
