ELOC	INTERCONNECTIVITY	INTRACONNECTIVITY	LOC	NUMOFCLASSES
27767	0.07223296364438439	0.2957692199623941	50224	379
