ELOC	INTERCONNECTIVITY	INTRACONNECTIVITY	LOC	NUMOFCLASSES
69784	0.054000477434221254	0.2060026834087257	128792	946
