ELOC	INTERCONNECTIVITY	INTRACONNECTIVITY	LOC	NUMOFCLASSES
43545	0.022259039025024158	0.1607337204419822	89692	879
