ELOC	INTERCONNECTIVITY	INTRACONNECTIVITY	LOC	NUMOFCLASSES
10760	0.08563862250585831	0.1183397195706761	17195	127
