ELOC	INTERCONNECTIVITY	INTRACONNECTIVITY	LOC	NUMOFCLASSES
19138	0.030005564304698053	0.1319324675836462	43145	503
