ELOC	INTERCONNECTIVITY	INTRACONNECTIVITY	LOC	NUMOFCLASSES
67377	0.06094227265888686	0.22235426997986227	123669	927
