ELOC	INTERCONNECTIVITY	INTRACONNECTIVITY	LOC	NUMOFCLASSES
29674	0.06724272667278705	0.19344052861593228	45731	357
