ELOC	INTERCONNECTIVITY	INTRACONNECTIVITY	LOC	NUMOFCLASSES
11410	0.1355774437280287	0.17087166275429333	21117	104
