ELOC	INTERCONNECTIVITY	INTRACONNECTIVITY	LOC	NUMOFCLASSES
23134	0.03477226987048647	0.15271511594855505	52524	572
