ELOC	INTERCONNECTIVITY	INTRACONNECTIVITY	LOC	NUMOFCLASSES
18083	0.030446945440020363	0.13604876068208216	41078	487
