ELOC	INTERCONNECTIVITY	INTRACONNECTIVITY	LOC	NUMOFCLASSES
43606	0.022286279525258686	0.16042354016569427	89824	881
