ELOC	INTERCONNECTIVITY	INTRACONNECTIVITY	LOC	NUMOFCLASSES
213795	0.13366123093890528	0.41881555018061145	359099	1442
