ELOC	INTERCONNECTIVITY	INTRACONNECTIVITY	LOC	NUMOFCLASSES
18476	0.07938101576638251	0.19590423795369968	32191	195
