ELOC	INTERCONNECTIVITY	INTRACONNECTIVITY	LOC	NUMOFCLASSES
43507	0.02276176948195939	0.1760443720682736	87788	883
