ELOC	INTERCONNECTIVITY	INTRACONNECTIVITY	LOC	NUMOFCLASSES
27694	0.07222538030346773	0.2953224922429391	50077	379
