ELOC	INTERCONNECTIVITY	INTRACONNECTIVITY	LOC	NUMOFCLASSES
19031	0.030169921923500508	0.13303823681441546	42934	501
