ELOC	INTERCONNECTIVITY	INTRACONNECTIVITY	LOC	NUMOFCLASSES
21350	0.03147785205864447	0.15049214164081257	48351	538
