ELOC	INTERCONNECTIVITY	INTRACONNECTIVITY	LOC	NUMOFCLASSES
43499	0.022779252391391454	0.1760443720682736	87778	883
