ELOC	INTERCONNECTIVITY	INTRACONNECTIVITY	LOC	NUMOFCLASSES
11710	0.13309275247253238	0.15942094713198007	21575	107
