ELOC	INTERCONNECTIVITY	INTRACONNECTIVITY	LOC	NUMOFCLASSES
25753	0.08419248536714835	0.3058336667679886	45880	331
