ELOC	INTERCONNECTIVITY	INTRACONNECTIVITY	LOC	NUMOFCLASSES
43579	0.022792760646785055	0.1760443720682736	87883	883
