ELOC	INTERCONNECTIVITY	INTRACONNECTIVITY	LOC	NUMOFCLASSES
20059	0.03008525253728253	0.14011530738059577	45509	519
