ELOC	INTERCONNECTIVITY	INTRACONNECTIVITY	LOC	NUMOFCLASSES
86650	0.07876185686333059	0.23027582796599663	128073	1270
