ELOC	INTERCONNECTIVITY	INTRACONNECTIVITY	LOC	NUMOFCLASSES
27554	0.07219330035117501	0.2953224922429391	49855	379
