ELOC	INTERCONNECTIVITY	INTRACONNECTIVITY	LOC	NUMOFCLASSES
27862	0.07221812486683102	0.29574475004204365	50352	379
