ELOC	INTERCONNECTIVITY	INTRACONNECTIVITY	LOC	NUMOFCLASSES
28650	0.07023413185484587	0.288849500294275	51510	388
