ELOC	INTERCONNECTIVITY	INTRACONNECTIVITY	LOC	NUMOFCLASSES
243455	0.12204920621939676	0.3985530106539783	413430	1612
