ELOC	INTERCONNECTIVITY	INTRACONNECTIVITY	LOC	NUMOFCLASSES
43380	0.02277705711894151	0.17597044540590212	87563	882
