ELOC	INTERCONNECTIVITY	INTRACONNECTIVITY	LOC	NUMOFCLASSES
37266	0.060266245516703204	0.14055716301905485	62220	311
