ELOC	INTERCONNECTIVITY	INTRACONNECTIVITY	LOC	NUMOFCLASSES
43700	0.022677903583401365	0.17590906231461612	88298	883
