ELOC	INTERCONNECTIVITY	INTRACONNECTIVITY	LOC	NUMOFCLASSES
10521	0.09596230675753878	0.170391103183844	16685	122
