ELOC	INTERCONNECTIVITY	INTRACONNECTIVITY	LOC	NUMOFCLASSES
171939	0.13279131890876977	0.41374748665335237	286529	1210
