ELOC	INTERCONNECTIVITY	INTRACONNECTIVITY	LOC	NUMOFCLASSES
18806	0.030160809718358546	0.13367888452649174	42439	497
