ELOC	INTERCONNECTIVITY	INTRACONNECTIVITY	LOC	NUMOFCLASSES
23588	0.076839197817906	0.20651336224849065	35964	265
