ELOC	INTERCONNECTIVITY	INTRACONNECTIVITY	LOC	NUMOFCLASSES
18993	0.01310160942498263	0.10392755570354528	42899	354
