ELOC	INTERCONNECTIVITY	INTRACONNECTIVITY	LOC	NUMOFCLASSES
20138	0.011843519829115615	0.09924400962574663	45506	364
