ELOC	INTERCONNECTIVITY	INTRACONNECTIVITY	LOC	NUMOFCLASSES
31653	0.13697101935857536	0.2687339901991047	44578	466
