ELOC	INTERCONNECTIVITY	INTRACONNECTIVITY	LOC	NUMOFCLASSES
28589	0.07020159357660873	0.28880117010240414	51414	388
