ELOC	INTERCONNECTIVITY	INTRACONNECTIVITY	LOC	NUMOFCLASSES
194886	0.13620698745370233	0.41799285153060983	326336	1335
