ELOC	INTERCONNECTIVITY	INTRACONNECTIVITY	LOC	NUMOFCLASSES
243790	0.12194062540616599	0.39834808867530325	414102	1616
