ELOC	INTERCONNECTIVITY	INTRACONNECTIVITY	LOC	NUMOFCLASSES
14366	0.11734444763607245	0.14723877888295275	25689	136
