ELOC	INTERCONNECTIVITY	INTRACONNECTIVITY	LOC	NUMOFCLASSES
18477	0.03027494322400005	0.13612568375900524	41838	490
