ELOC	INTERCONNECTIVITY	INTRACONNECTIVITY	LOC	NUMOFCLASSES
26247	0.07625089482963437	0.30442911914688664	46707	351
