ELOC	INTERCONNECTIVITY	INTRACONNECTIVITY	LOC	NUMOFCLASSES
47816	0.04558668536056339	0.15547426594674651	77763	393
