ELOC	INTERCONNECTIVITY	INTRACONNECTIVITY	LOC	NUMOFCLASSES
39498	0.02782230450374686	0.18445889364357973	69530	711
