ELOC	INTERCONNECTIVITY	INTRACONNECTIVITY	LOC	NUMOFCLASSES
215732	0.13283671547739204	0.4150186883035487	362528	1457
