ELOC	INTERCONNECTIVITY	INTRACONNECTIVITY	LOC	NUMOFCLASSES
247080	0.14065966658353912	0.4154512419037206	418269	1628
