ELOC	INTERCONNECTIVITY	INTRACONNECTIVITY	LOC	NUMOFCLASSES
43064	0.052415696204603825	0.2104166017070147	65538	569
