ELOC	INTERCONNECTIVITY	INTRACONNECTIVITY	LOC	NUMOFCLASSES
42025	0.05361290697292109	0.2104771070720386	63982	556
