ELOC	INTERCONNECTIVITY	INTRACONNECTIVITY	LOC	NUMOFCLASSES
19259	0.012994937410682462	0.10362145940468409	43418	356
