ELOC	INTERCONNECTIVITY	INTRACONNECTIVITY	LOC	NUMOFCLASSES
16691	0.09536862459929872	0.2189133015764092	29298	169
