ELOC	INTERCONNECTIVITY	INTRACONNECTIVITY	LOC	NUMOFCLASSES
22880	0.03451429299721135	0.15746812997985166	51961	566
