ELOC	INTERCONNECTIVITY	INTRACONNECTIVITY	LOC	NUMOFCLASSES
46616	0.035341949253991	0.25649864283181983	86922	1063
