ELOC	INTERCONNECTIVITY	INTRACONNECTIVITY	LOC	NUMOFCLASSES
43469	0.022778995714388406	0.1760443720682736	87703	883
