ELOC	INTERCONNECTIVITY	INTRACONNECTIVITY	LOC	NUMOFCLASSES
41202	0.05291692009511214	0.20046253964565103	62567	542
