ELOC	INTERCONNECTIVITY	INTRACONNECTIVITY	LOC	NUMOFCLASSES
22238	0.0323788164709201	0.14708574289623846	50508	555
