ELOC	INTERCONNECTIVITY	INTRACONNECTIVITY	LOC	NUMOFCLASSES
50564	0.03547666439807701	0.2568669488338003	94694	1132
