ELOC	INTERCONNECTIVITY	INTRACONNECTIVITY	LOC	NUMOFCLASSES
10963	0.08017724732278306	0.10357142004404742	18078	141
