ELOC	INTERCONNECTIVITY	INTRACONNECTIVITY	LOC	NUMOFCLASSES
234137	0.1256373502381066	0.401248903668383	396057	1565
