ELOC	INTERCONNECTIVITY	INTRACONNECTIVITY	LOC	NUMOFCLASSES
28494	0.07129459545535306	0.2938435379267268	51250	387
