ELOC	INTERCONNECTIVITY	INTRACONNECTIVITY	LOC	NUMOFCLASSES
18109	0.030724857678260904	0.13420260683592833	41136	487
